Ride_ID,Date,Pickup_Area,Drop_Area,Customer_Age,Customer_Gender,Ride_Distance_KM,Ride_Duration_Min,Fare_Amount,Surge_Multiplier,Driver_Rating,Time_Of_Day,City_rajkot,City_surat,City_vadodara,Payment_Mode_Cash,Payment_Mode_UPI,Vehicle_Type_bike,Ride_Status_Completed,Ride_Status_No Show,Fare_per_KM,Ride_Speed,Peak_Ride
1004,2025-01-01 03:00:00,Area C,Area Z,52,Male,4.16788443987428,27.24098258519634,218.72749927068867,1.5,2.157016627359525,Night,False,False,False,True,False,False,True,False,52.47913603044284,0.15300046159622124,1
1006,2025-01-01 05:00:00,Area D,Area Y,47,Female,10.413048901675348,28.211983275287803,268.0420258479945,2.0,3.088832815537976,Evening,False,True,False,False,True,True,True,False,25.740949741950416,0.3691000774056125,1
1007,2025-01-01 06:00:00,Area D,Area Y,34,Male,15.087757311641864,24.46292571086872,289.555127809925,1.5,4.986441472112771,Evening,True,False,False,True,False,False,True,False,19.19138344521668,0.6167598807422967,1
1008,2025-01-01 07:00:00,Area A,Area X,37,Male,11.889866135890385,57.72449475222713,155.67690236789556,1.5,3.3390570535929265,Morning,True,False,False,True,False,True,False,False,13.093231635775789,0.2059760614131843,0
1009,2025-01-01 08:00:00,Area A,Area X,42,Male,19.956159702553023,15.140400637342976,267.3492996615955,2.0,3.000708648416601,Night,True,False,False,False,False,False,False,True,13.396824322825493,1.3180725530212682,1
1010,2025-01-01 09:00:00,Area D,Area X,39,Female,15.295659280737633,9.968532831768432,31.38919610377299,1.5,3.741425020150024,Afternoon,False,False,False,False,True,True,False,False,2.0521623165128506,1.5343926929814038,0
1011,2025-01-01 10:00:00,Area C,Area Z,30,Male,14.432628763625722,47.40422590445132,251.38566770018704,2.0,2.2663021823233054,Morning,False,False,True,True,False,True,False,True,17.41785904970816,0.3044586309273361,0
1012,2025-01-01 11:00:00,Area B,Area Y,36,Male,15.79286684196427,8.753733794475037,91.72879361172934,2.0,4.88499720786444,Morning,True,False,False,False,True,False,True,False,5.808238393146387,1.804127149795269,0
1013,2025-01-01 12:00:00,Area D,Area Z,53,Male,3.7194317254209226,51.039344488666615,275.3493535027293,1.5,3.9048801367730994,Morning,False,False,False,False,True,False,False,False,74.02975334196653,0.07287380027987676,0
1014,2025-01-01 13:00:00,Area A,Area X,29,Male,4.886347270219803,29.0456367996484,30.30243009962956,1.5,4.264513459822544,Afternoon,False,True,False,False,True,False,False,False,6.2014356347436035,0.16822993489953725,0
1015,2025-01-01 14:00:00,Area C,Area Y,58,Male,14.567217562248668,55.35325225105528,180.1690684607344,1.0,2.5114338145217525,Night,False,False,True,False,True,False,True,False,12.368109696291627,0.26316818503268885,1
1016,2025-01-01 15:00:00,Area D,Area Z,36,Male,10.385648255486393,44.68430736170481,234.2916670219324,2.0,3.2284335590156115,Night,False,True,False,False,False,False,True,False,22.55915429319697,0.23242266792212568,1
1017,2025-01-01 16:00:00,Area D,Area Y,29,Female,15.338070545342214,38.57225668543767,99.84584928843516,1.0,3.2680673401885687,Night,False,False,True,False,True,True,True,False,6.509670424097219,0.3976450404231196,1
1018,2025-01-01 17:00:00,Area C,Area Z,26,Female,2.9554045841387557,57.21187383817711,82.14587343856913,1.5,4.46541933170326,Evening,False,False,False,False,False,False,False,False,27.795042319758817,0.051657180044937336,1
1019,2025-01-01 18:00:00,Area D,Area Y,24,Male,11.1931456782073,26.815715517862984,52.70652060635585,1.0,2.0037100392782285,Evening,False,False,False,True,False,True,False,True,4.708816898613649,0.4174097646827089,1
1020,2025-01-01 19:00:00,Area C,Area X,45,Male,8.1976097455814,57.474781509679815,118.1370656558891,2.0,2.902559325059765,Evening,False,False,True,False,False,True,False,False,14.411142419672027,0.14262965606757824,1
1021,2025-01-01 20:00:00,Area B,Area X,31,Male,9.683004166351887,12.425070258166382,181.157964323384,1.0,4.943709123032912,Afternoon,False,True,False,False,False,False,False,True,18.708840161868313,0.7793111968019469,0
1023,2025-01-01 22:00:00,Area C,Area Z,36,Female,10.543478601788072,19.84511723157072,131.70774773643566,1.5,3.1475788407320247,Afternoon,False,False,True,False,False,True,False,False,12.49185660561148,0.5312880325108185,0
1024,2025-01-01 23:00:00,Area C,Area X,33,Female,11.257352105143898,34.69135283995064,32.44954925623574,1.5,2.359487006052939,Night,False,False,False,True,False,True,True,False,2.8825180315918204,0.3245001401957005,1
1025,2025-01-02 00:00:00,Area D,Area X,22,Female,10.240792157916548,13.910763284037154,251.04344353495728,2.0,4.922493885884046,Evening,False,False,False,True,False,True,False,True,24.514040957318045,0.7361770585153615,1
1026,2025-01-02 01:00:00,Area D,Area X,52,Female,8.770148364624372,51.28413131705239,64.68115388516168,1.5,2.0600790677774734,Evening,True,False,False,False,False,False,False,False,7.375140926310056,0.17101092344327165,1
1027,2025-01-02 02:00:00,Area C,Area Y,29,Female,15.665757631366656,51.55243171230065,106.50259603170704,1.5,4.2115406750217295,Morning,True,False,False,False,True,True,False,False,6.798428173954469,0.3038800318866125,0
1028,2025-01-02 03:00:00,Area D,Area Y,42,Female,1.231858374042846,57.53799719979134,34.97548405931872,1.5,4.305799414365525,Afternoon,False,True,False,False,False,False,True,False,28.39222501064243,0.02140947234695527,0
1029,2025-01-02 04:00:00,Area A,Area Z,38,Female,12.370411322899312,13.506967748577992,146.70501165097832,1.5,2.7309701481916,Night,False,False,True,True,False,False,True,False,11.85933832176012,0.9158533872761924,1
1030,2025-01-02 05:00:00,Area A,Area Z,53,Female,11.744658599136503,39.28329029977449,256.83280574012906,2.0,4.014675330839112,Morning,False,False,True,True,False,True,False,True,21.868033446172507,0.2989733171477938,0
1031,2025-01-02 06:00:00,Area D,Area Z,40,Male,14.60740241992609,31.08305197852033,135.88082709020307,1.0,2.2787874331381697,Morning,True,False,False,True,False,False,False,False,9.302183246695146,0.4699473439914126,0
1033,2025-01-02 08:00:00,Area C,Area Y,56,Male,16.709177728372488,24.33470886238204,233.49868519364017,1.5,4.363705964876795,Morning,False,False,True,False,True,False,False,False,13.974269066182995,0.6866394398417507,0
1034,2025-01-02 09:00:00,Area B,Area Z,59,Male,19.222421096716527,27.703645283371376,242.97788510510097,1.0,4.594058576100621,Afternoon,False,False,False,True,False,True,False,True,12.64033065758291,0.6938586587256029,0
1035,2025-01-02 10:00:00,Area D,Area Z,56,Female,7.507960886392325,43.77090523289242,76.91343833304303,1.0,3.825459237979374,Afternoon,True,False,False,True,False,False,True,False,10.244237690431552,0.1715285331925236,0
1036,2025-01-02 11:00:00,Area A,Area Y,31,Female,5.319668677569753,37.9057332047485,238.13060930606724,1.5,3.520515295461448,Evening,False,False,False,True,False,False,False,False,44.764096431263226,0.1403393846899525,1
1037,2025-01-02 12:00:00,Area C,Area Z,48,Male,9.048340385989174,30.282483201862213,285.77042982921125,1.5,2.477912061856941,Morning,True,False,False,False,True,False,False,True,31.582599881599364,0.2987977352351143,0
1039,2025-01-02 14:00:00,Area A,Area Y,52,Male,12.684054999900434,9.27709392434264,238.1657589836766,2.0,2.352947085420676,Morning,False,False,False,True,False,False,True,False,18.776769039384938,1.3672429567828954,0
1040,2025-01-02 15:00:00,Area A,Area Z,40,Female,18.32519576801633,5.1286664844178045,221.31444124270996,1.5,2.6820719002882965,Afternoon,False,True,False,True,False,True,False,True,12.077050814293086,3.573084756601988,0
1041,2025-01-02 16:00:00,Area B,Area Y,46,Male,3.6432076887181752,58.22346635138975,157.86494987747392,2.0,3.0250235056907626,Afternoon,False,False,True,True,False,True,False,False,43.33118780311393,0.06257283001672252,0
1042,2025-01-02 17:00:00,Area C,Area X,28,Female,2.9150974573018438,5.28896002071117,45.63852435087554,1.0,3.142728576532962,Afternoon,False,False,False,False,True,True,False,False,15.655863469649763,0.551165434080088,0
1043,2025-01-02 18:00:00,Area C,Area Y,35,Female,5.864295105219582,10.670156030755969,50.167492794620586,1.5,3.0389653057670105,Morning,False,False,True,False,True,True,True,False,8.554720788652098,0.5495973622449907,0
1044,2025-01-02 19:00:00,Area B,Area Y,29,Male,14.795816135185614,22.3028106245176,260.1519579836349,2.0,2.7171659965917967,Afternoon,False,True,False,False,False,True,False,False,17.58279366131327,0.6634056016628005,0
1045,2025-01-02 20:00:00,Area B,Area Y,26,Female,12.266295199917607,49.408663849921865,297.3400606426747,1.5,3.5291727402550945,Morning,False,True,False,False,False,True,False,False,24.240393158053163,0.24826198001541797,0
1046,2025-01-02 21:00:00,Area C,Area Y,27,Male,2.9420406202787923,57.91543321702648,212.5341094404237,1.0,4.475858324698691,Evening,False,False,False,False,False,False,False,False,72.24012665706061,0.05079889675114954,1
1047,2025-01-02 22:00:00,Area C,Area X,34,Male,18.45625992295418,48.45074573355208,150.4087428927868,2.0,2.839110615414437,Morning,False,True,False,True,False,True,True,False,8.149465927875408,0.3809282155360323,0
1048,2025-01-02 23:00:00,Area D,Area Y,55,Male,16.011608105357645,42.98081278451024,204.84488371851504,1.0,4.827161057306699,Evening,False,False,False,False,True,False,False,True,12.79351545675274,0.3725291203854764,1
1050,2025-01-03 01:00:00,Area B,Area Z,30,Female,13.375977008776676,9.7687866524201,133.57531030951787,1.5,2.4852926340563286,Evening,False,False,True,False,False,True,True,False,9.9862021562874,1.369255342771716,1
1051,2025-01-03 02:00:00,Area D,Area Y,57,Female,15.653686701875024,57.699393615216174,47.719059034983495,2.0,4.358827870271283,Afternoon,False,False,True,True,False,False,True,False,3.0484210818565067,0.27129720102942134,0
1052,2025-01-03 03:00:00,Area A,Area Z,59,Female,8.114272024688018,46.71158276701248,251.80849580000907,1.0,3.7237621469533,Evening,False,False,True,True,False,False,False,True,31.032751269166138,0.17371002665570165,1
1053,2025-01-03 04:00:00,Area D,Area X,26,Male,2.309509247977157,40.1422161933844,130.39505289445566,1.0,3.699726086514256,Afternoon,False,False,True,False,False,False,False,False,56.45982513835511,0.057533163129796054,0
1054,2025-01-03 05:00:00,Area D,Area X,44,Female,2.469100244286958,46.74697150463674,251.0721237064153,2.0,3.173128289174523,Afternoon,False,False,False,True,False,False,False,False,101.6852626517376,0.05281838879890143,0
1055,2025-01-03 06:00:00,Area A,Area X,19,Male,2.9806923549843805,44.825683110022624,98.1773624158632,1.0,3.503458997546029,Evening,True,False,False,False,True,True,False,True,32.93766056570169,0.06649517605156503,1
1056,2025-01-03 07:00:00,Area B,Area X,22,Female,16.968353007628036,40.047736888421774,30.27795955832101,1.0,3.191536332287633,Morning,False,False,False,False,True,False,False,True,1.7843771697193018,0.4237030626193296,0
1058,2025-01-03 09:00:00,Area D,Area Y,54,Female,3.333404855068942,54.685009694981375,156.50564252751778,2.0,3.883850158317908,Night,False,True,False,False,False,False,True,False,46.95054451129243,0.06095645340646846,1
1060,2025-01-03 11:00:00,Area D,Area Y,36,Female,4.144889696978506,43.12463663013086,57.59227731730413,2.0,3.5974435776782787,Night,False,True,False,False,True,True,False,False,13.894733655264805,0.09611417184535266,1
1061,2025-01-03 12:00:00,Area A,Area Z,25,Female,4.540096710388293,7.83776936622905,260.6366391046228,1.5,4.164266201986195,Morning,False,True,False,True,False,False,True,False,57.40760200817655,0.5792580395858535,0
1062,2025-01-03 13:00:00,Area A,Area Z,18,Male,16.91232499104735,41.84546055025216,172.29650597720277,2.0,2.423834147826517,Morning,False,False,True,True,False,False,True,False,10.18762377095824,0.40416142460956106,0
1064,2025-01-03 15:00:00,Area C,Area X,34,Male,6.917441016867183,37.354506633346205,110.561096367298,1.5,4.45620501222281,Night,False,True,False,False,False,True,True,False,15.982924360101878,0.18518352371589825,1
1067,2025-01-03 18:00:00,Area A,Area Y,21,Male,8.206808269325428,31.026556494473336,92.11449441848715,1.5,2.461373449004093,Afternoon,False,True,False,True,False,False,False,False,11.2241420969175,0.26450907066327434,0
1068,2025-01-03 19:00:00,Area C,Area Z,53,Female,15.140743385022487,22.207017107807317,65.46048413053208,1.5,2.6708433034889336,Afternoon,False,True,False,False,True,True,False,True,4.323462807028268,0.6817996533943735,0
1069,2025-01-03 20:00:00,Area C,Area X,23,Male,4.906016359137112,11.628741833255544,264.37466708371903,1.0,4.871968663683761,Night,False,False,True,True,False,True,False,True,53.88773881969483,0.42188675358150124,1
1070,2025-01-03 21:00:00,Area D,Area Z,48,Male,15.968007885575355,45.20630193020549,290.0738964288356,1.0,3.719124286792548,Afternoon,False,False,True,False,True,False,False,True,18.16593008020568,0.3532251847978338,0
1071,2025-01-03 22:00:00,Area D,Area Z,36,Male,12.47070910287264,15.592946528209673,38.45162471182938,1.0,4.7981922214287644,Evening,False,False,False,False,False,False,False,False,3.083352643471219,0.7997655274874599,1
1072,2025-01-03 23:00:00,Area C,Area Y,56,Male,3.171078701058067,11.34051116860064,227.44291808289512,2.0,3.7254900514898743,Evening,False,False,False,False,False,True,False,False,71.72392182123647,0.2796237186909957,1
1073,2025-01-04 00:00:00,Area D,Area Z,44,Male,8.875587099868927,28.19694628517819,275.57161795591094,1.0,3.438063320413556,Afternoon,False,False,False,True,False,True,False,True,31.04823426020324,0.3147711054378733,0
1075,2025-01-04 02:00:00,Area B,Area X,43,Female,18.536244404171214,45.97855014661212,290.4205275129563,1.5,3.819112833300127,Morning,False,False,False,False,False,True,False,False,15.667702933965073,0.4031497364220318,0
1076,2025-01-04 03:00:00,Area D,Area Y,36,Male,9.848302324057451,8.01854380555612,235.22540117828623,1.0,,Night,False,True,False,True,False,False,True,False,23.884843761877633,1.2281893422269592,1
1077,2025-01-04 04:00:00,Area A,Area X,56,Male,10.135902583692395,30.032902676988584,149.42066584284578,2.0,4.6947848818781175,Morning,False,False,False,False,True,False,True,False,14.741708219075186,0.33749315934510044,0
1078,2025-01-04 05:00:00,Area D,Area Y,20,Female,18.45063977384672,33.7339016839143,114.22703743368524,1.0,4.487997215423851,Night,False,False,True,False,False,False,False,False,6.19094930714033,0.5469463472463152,1
1079,2025-01-04 06:00:00,Area D,Area Z,30,Female,12.154296258594778,40.45006578442022,116.60053991829442,2.0,2.952594343630211,Afternoon,False,False,True,True,False,False,False,False,9.59335213688907,0.30047647681481315,0
1080,2025-01-04 07:00:00,Area C,Area Z,45,Female,1.6240867346253287,40.759204274377545,225.5941216058116,1.0,4.858392582803883,Morning,False,False,True,True,False,True,True,False,138.90436252730666,0.03984587935607674,0
1081,2025-01-04 08:00:00,Area A,Area X,37,Female,18.34223979470345,25.058348720151823,231.3759932483604,1.0,4.475602302246704,Afternoon,False,False,False,False,True,False,True,False,12.614373691234599,0.731980893064345,0
1082,2025-01-04 09:00:00,Area D,Area X,45,Female,5.716302412385886,35.83724567019327,84.09696875815241,1.0,3.9989206575051193,Afternoon,False,False,False,True,False,True,False,True,14.71175168381881,0.15950725873075922,0
1083,2025-01-04 10:00:00,Area D,Area X,25,Female,11.975007127739396,31.458403611424757,264.3931596424434,1.0,2.365285733375824,Night,False,False,False,False,True,False,False,True,22.078729142690978,0.3806615068278723,1
1084,2025-01-04 11:00:00,Area B,Area Y,58,Female,4.144753031131502,53.67490960878046,223.02949085460688,2.0,3.4347020691442167,Night,False,False,False,True,False,True,False,False,53.8099498522406,0.07721954800009573,1
1086,2025-01-04 13:00:00,Area D,Area X,18,Male,6.917990251522391,29.256768896148888,157.31376422767843,1.5,,Morning,False,False,False,False,False,True,False,True,22.73977428564846,0.23645768647597143,0
1087,2025-01-04 14:00:00,Area B,Area Z,20,Female,15.829418443375666,27.246699732501792,176.6728575632887,2.0,2.2398961830779056,Evening,False,False,False,False,False,True,False,True,11.161038327775072,0.5809662377139513,1
1088,2025-01-04 15:00:00,Area C,Area Y,30,Male,6.2741562799589445,36.48352676884061,72.9963493354014,1.0,,Night,False,False,False,False,True,False,False,True,11.634430150276327,0.17197226024746304,1
1089,2025-01-04 16:00:00,Area D,Area Y,45,Male,5.181847067540844,49.21873386704937,84.99933730459404,1.5,2.366105156373185,Night,False,False,True,True,False,False,True,False,16.403257788994207,0.10528198528467426,1
1090,2025-01-04 17:00:00,Area B,Area Y,42,Male,5.0409349024833,34.612081970943315,54.61441240967176,1.5,3.782872251685325,Morning,True,False,False,True,False,False,False,False,10.834161742725513,0.1456408617749872,0
1091,2025-01-04 18:00:00,Area A,Area X,50,Female,10.78829996572944,41.39103462942978,71.48767030350042,1.5,4.809347521650982,Night,True,False,False,False,True,False,False,True,6.626401218595953,0.26064333631383546,1
1092,2025-01-04 19:00:00,Area C,Area X,55,Female,19.53528499797237,45.58206717985888,152.49728134342632,1.0,4.628315577794128,Morning,False,False,False,True,False,True,True,False,7.806244101215493,0.4285738212607021,0
1093,2025-01-04 20:00:00,Area A,Area X,23,Male,9.720790772323248,33.60924604333025,173.19568630662914,2.0,2.8332578712477834,Afternoon,True,False,False,True,False,False,True,False,17.817018408580736,0.2892295729423721,0
1094,2025-01-04 21:00:00,Area A,Area X,49,Female,11.58880200891091,28.47493811601754,34.82271096914623,1.0,4.554345912653796,Night,True,False,False,True,False,True,True,False,3.004855971636284,0.4069823748824341,1
1095,2025-01-04 22:00:00,Area B,Area X,38,Male,17.352008339923945,53.21659578243472,245.13541352328744,1.5,2.0009975183614683,Night,False,False,False,False,True,True,False,True,14.127198849212483,0.3260637931487796,1
1096,2025-01-04 23:00:00,Area D,Area Z,33,Male,11.166324659739514,27.962834621534068,109.42535280273904,1.0,2.053063428839772,Afternoon,True,False,False,False,True,False,False,True,9.799576686276005,0.399327207616795,0
1097,2025-01-05 00:00:00,Area B,Area Z,38,Male,4.504794556958266,30.40685678165732,276.195729439176,1.0,3.807659491528595,Afternoon,False,False,False,False,True,True,False,False,61.31136788444134,0.1481505670842661,0
1098,2025-01-05 01:00:00,Area B,Area X,28,Male,6.692322323563063,59.46877223379774,291.22804117572,2.0,,Afternoon,False,True,False,False,False,True,False,True,43.51667357437315,0.1125350490153409,0
1100,2025-01-05 03:00:00,Area B,Area X,53,Female,8.54904419369436,15.201010026719736,154.76626850672835,1.5,3.6933232720366473,Evening,False,False,False,False,True,True,True,False,18.103320554556944,0.5623993770593814,1
1101,2025-01-05 04:00:00,Area C,Area Z,52,Female,9.108989201398238,26.11801394558492,30.33259549493499,1.0,2.5753473667755817,Evening,False,False,True,False,True,False,False,False,3.3299591782024653,0.34876257179242126,1
1102,2025-01-05 05:00:00,Area D,Area Z,36,Male,16.195858419411117,56.29244501838891,191.54836158305528,1.0,2.6352660519964357,Evening,False,False,False,True,False,False,False,True,11.826989243348027,0.2877092216731435,1
1103,2025-01-05 06:00:00,Area A,Area Y,37,Female,7.638352981937327,8.851633816110906,193.97274103092124,2.0,3.453804761056594,Night,False,False,True,True,False,False,False,True,25.394543502268036,0.8629304500520837,1
1104,2025-01-05 07:00:00,Area A,Area Z,35,Male,9.896404740386208,5.521698849567394,96.8357880129113,1.0,4.262760633031589,Afternoon,False,True,False,False,False,False,True,False,9.78493631817337,1.7922721045245904,0
1105,2025-01-05 08:00:00,Area D,Area X,58,Female,12.874543753969991,7.897610978747572,180.77142159746344,1.0,3.858493254222763,Night,False,False,False,True,False,True,True,False,14.040985423803201,1.6301799983330771,1
1106,2025-01-05 09:00:00,Area A,Area Y,31,Male,8.176793001363217,9.869887583748998,90.89583845980856,1.0,2.892065144710517,Afternoon,False,False,False,False,False,True,False,True,11.116305290057083,0.828457735450719,0
1107,2025-01-05 10:00:00,Area D,Area X,32,Male,16.894731452554325,7.067822526344347,73.42287665111132,2.0,3.291011532526764,Night,True,False,False,False,False,False,False,False,4.345901170331937,2.3903695212898155,1
1108,2025-01-05 11:00:00,Area A,Area X,48,Male,12.161618480447412,31.38797297710776,205.91025603661143,1.5,2.511994275649996,Night,False,False,True,True,False,False,False,False,16.93114177658519,0.38746097477232805,1
1109,2025-01-05 12:00:00,Area B,Area Y,18,Female,6.586848905198459,36.94164639750302,117.99987526706022,1.5,2.223889443011245,Afternoon,True,False,False,False,False,False,True,False,17.914437968897854,0.17830410294335583,0
1110,2025-01-05 13:00:00,Area A,Area X,20,Female,14.567124796006736,19.942783408795226,189.37126349911807,1.0,4.348088122232448,Evening,True,False,False,False,True,True,True,False,12.999897793973192,0.7304455548129132,1
1111,2025-01-05 14:00:00,Area D,Area Z,33,Female,11.025306872750932,26.90580611865996,146.97662222234703,1.5,2.796162227564584,Afternoon,False,False,False,False,True,False,False,True,13.330829754707525,0.4097741107025764,0
1113,2025-01-05 16:00:00,Area D,Area Y,28,Male,10.140671019364133,23.500375510563213,70.38677352024276,2.0,4.074854166707958,Morning,False,False,False,False,True,False,False,True,6.941030231188194,0.4315108369097176,0
1114,2025-01-05 17:00:00,Area D,Area Y,29,Female,10.443227027603731,33.73855553989877,155.44162109166874,1.5,3.854155022861558,Afternoon,True,False,False,True,False,True,False,False,14.884429098066333,0.3095338186578713,0
1115,2025-01-05 18:00:00,Area D,Area Y,27,Female,15.541769340258572,45.27494939515548,213.72328911701783,1.5,3.899568878040392,Night,False,False,False,True,False,True,False,False,13.751532848198453,0.3432751690534166,1
1116,2025-01-05 19:00:00,Area C,Area X,49,Male,2.9566481072949946,5.184049912363857,136.79717264759154,1.0,2.686683814539841,Morning,False,False,False,False,True,True,False,True,46.26749785850125,0.5703344786281233,0
1117,2025-01-05 20:00:00,Area C,Area Y,33,Male,7.352893414899161,30.70209215957089,293.16896000508626,1.5,2.697936615688043,Morning,False,True,False,True,False,True,True,False,39.871183322092755,0.23949152982044308,0
1118,2025-01-05 21:00:00,Area A,Area Y,25,Male,2.434563912273896,21.335158205018523,224.9096595402725,1.0,2.6624078893569174,Night,True,False,False,True,False,True,False,False,92.38152861426438,0.11411036879949371,1
1119,2025-01-05 22:00:00,Area D,Area X,55,Female,15.311678194201566,51.905200193054576,207.38564154241317,1.0,2.5212577869868835,Night,False,False,False,False,True,True,True,False,13.54427016225087,0.2949930871535208,1
1120,2025-01-05 23:00:00,Area A,Area Z,29,Male,6.17373523968569,44.35543233788331,234.4060022550303,2.0,3.967171017684969,Evening,False,True,False,True,False,True,False,False,37.9682013355906,0.13918777300554155,1
1121,2025-01-06 00:00:00,Area D,Area X,41,Male,18.0511777865588,37.40096939589922,287.2151322704536,2.0,4.544047655748204,Night,False,True,False,False,False,True,False,True,15.911148654955467,0.4826391735757058,1
1122,2025-01-06 01:00:00,Area D,Area Y,45,Male,11.00499086652658,20.249610513322548,275.11103630585285,2.0,4.172952409029984,Afternoon,False,False,True,True,False,False,False,True,24.998729181625585,0.5434665236954056,0
1123,2025-01-06 02:00:00,Area C,Area Y,25,Female,16.2142456582363,55.06865061316439,225.5570331941312,2.0,4.37628090128163,Afternoon,False,False,False,False,True,False,False,True,13.911032239062775,0.2944368989130674,0
1124,2025-01-06 03:00:00,Area C,Area X,45,Male,19.599697276703264,7.480537247117775,232.2736425573464,1.5,3.2143952872555994,Evening,True,False,False,True,False,True,False,False,11.850873039998564,2.6200886952829485,1
1125,2025-01-06 04:00:00,Area B,Area Z,53,Female,16.955988329674838,11.020717927351331,69.39895998948927,2.0,,Morning,False,False,False,False,False,True,True,False,4.092885516981537,1.5385542989037349,0
1126,2025-01-06 05:00:00,Area C,Area Y,43,Female,17.472881440218945,26.539657729719583,57.75394921301974,1.5,3.062708721334324,Morning,False,False,True,False,True,False,True,False,3.3053458502055486,0.6583685077809963,0
1127,2025-01-06 06:00:00,Area B,Area Y,25,Male,8.75170541193205,11.8440656513271,184.1442154979244,2.0,3.57651386590592,Night,False,False,False,False,True,True,True,False,21.040928187274346,0.7389099554553625,1
1128,2025-01-06 07:00:00,Area B,Area Y,45,Male,11.482729309927455,57.60286336576838,34.9592619739458,1.5,3.444904539604587,Afternoon,False,False,True,True,False,True,False,False,3.044505412024952,0.19934299521855603,0
1129,2025-01-06 08:00:00,Area B,Area X,45,Female,5.823882716822782,48.88941271788609,160.2362230189297,1.0,2.530661435431563,Morning,False,False,False,False,True,True,False,False,27.513594568127004,0.11912357301556205,0
1130,2025-01-06 09:00:00,Area B,Area Y,54,Male,4.726148894175603,19.24404583809975,86.79438657809453,1.5,3.1612362810068926,Evening,False,False,False,True,False,False,False,False,18.364678065533877,0.24559006344279477,1
1131,2025-01-06 10:00:00,Area B,Area Z,58,Male,10.604649703014642,37.37048259352849,123.42447326410668,1.5,4.891466826447052,Evening,True,False,False,False,False,False,False,False,11.638701921667526,0.2837706695054661,1
1132,2025-01-06 11:00:00,Area A,Area Y,53,Female,12.305930614307991,59.02817832940449,239.46727866409813,2.0,2.745740773144826,Afternoon,False,False,False,False,True,False,False,False,19.459485964500104,0.2084754921773175,0
1133,2025-01-06 12:00:00,Area C,Area Y,44,Female,7.446153672027628,53.63094379723266,284.1341261427443,1.5,2.401411208838466,Evening,False,False,True,True,False,False,True,False,38.158458322656394,0.13884059754335093,1
1134,2025-01-06 13:00:00,Area B,Area Z,34,Male,11.819426837506509,38.04391455432089,49.552393479512205,1.0,3.2557418648718057,Evening,False,False,False,False,True,False,False,False,4.192449620126405,0.31067843225874814,1
1135,2025-01-06 14:00:00,Area D,Area Y,26,Female,17.861749167756557,54.70481819463988,174.24539561364017,1.0,4.371013207580445,Afternoon,True,False,False,True,False,True,False,False,9.75522029925149,0.32651138404464813,0
1136,2025-01-06 15:00:00,Area C,Area X,50,Male,11.577710110883956,59.40517003973474,268.284041171292,2.0,3.746444689339917,Night,True,False,False,True,False,False,True,False,23.172441430768757,0.19489394869504467,1
1137,2025-01-06 16:00:00,Area C,Area X,37,Male,14.695448829899624,45.884405259149325,52.27730429891375,1.0,4.042924481714733,Night,False,False,True,False,True,True,False,False,3.557378160425279,0.3202710276877585,1
1139,2025-01-06 18:00:00,Area A,Area Z,45,Female,19.785846857153413,27.08691300340181,126.60636475063328,1.0,3.8568445790231647,Night,False,True,False,False,True,False,True,False,6.398831532275024,0.7304575294384132,1
1140,2025-01-06 19:00:00,Area B,Area Y,46,Male,12.460750641362612,51.0804154405785,116.96556959922054,2.0,2.970501184734421,Night,False,False,False,True,False,False,False,True,9.386711852161065,0.24394375211025043,1
1141,2025-01-06 20:00:00,Area A,Area X,30,Male,16.330152830289133,17.681305769276044,293.91592430499213,1.5,4.502910097864302,Evening,False,False,False,False,True,True,False,True,17.99834621121094,0.9235824439414877,1
1142,2025-01-06 21:00:00,Area D,Area Z,52,Male,19.29033705254262,50.68533847628435,84.23195426281943,2.0,3.887896418032208,Night,False,False,False,True,False,True,False,True,4.366533895600235,0.38059000544444427,1
1143,2025-01-06 22:00:00,Area C,Area Y,23,Female,18.943784785968194,11.618631911924776,217.16236402212385,1.5,2.596568833325888,Evening,False,False,True,False,True,True,False,True,11.463509105523968,1.630464638601631,1
1144,2025-01-06 23:00:00,Area D,Area Z,35,Female,3.6805551267765577,7.581994643129715,251.78899656266395,1.0,,Morning,False,False,True,False,False,False,False,False,68.41041739239131,0.4854329824384401,0
1145,2025-01-07 00:00:00,Area A,Area X,22,Female,8.721453857196918,26.12498363201873,41.11954372540336,2.0,2.1278996278610984,Afternoon,False,False,True,True,False,False,False,True,4.7147525230494045,0.333835635715062,0
1146,2025-01-07 01:00:00,Area A,Area X,42,Female,7.155811161029193,7.02025655846375,211.0040737556913,2.0,3.114225702950422,Afternoon,False,False,True,False,False,False,True,False,29.487052430100622,1.0193076148087323,0
1147,2025-01-07 02:00:00,Area D,Area X,19,Female,2.651575284056637,57.64986446408291,286.9184930759383,1.5,2.7975534099629407,Night,False,False,True,False,True,False,False,False,108.20639818794898,0.04599446761516583,1
1148,2025-01-07 03:00:00,Area A,Area Z,27,Male,13.03157472330825,50.441313268668125,63.539391016576026,2.0,3.938270370387525,Night,True,False,False,False,False,False,False,True,4.875799249720541,0.25835116683790244,1
1149,2025-01-07 04:00:00,Area D,Area Z,47,Female,14.982187650724043,49.04233279214313,271.97975172496035,1.5,3.498001504935855,Night,False,True,False,True,False,True,True,False,18.153528478635202,0.3054949416715932,1
1150,2025-01-07 05:00:00,Area C,Area X,22,Female,17.114433813870786,39.63778576478842,190.58969209177275,1.5,2.7980578340161424,Afternoon,False,False,True,False,True,False,False,False,11.136189651533114,0.4317705736067723,0
1151,2025-01-07 06:00:00,Area D,Area Z,50,Female,3.3327609035914616,16.897821267010443,196.483237102868,1.5,2.4477133338505284,Morning,False,False,False,False,False,True,False,False,58.9549185307438,0.19723009721951687,0
1152,2025-01-07 07:00:00,Area C,Area X,18,Male,17.652437441630582,33.50432016720157,195.4949272137136,1.5,2.3815992880623487,Morning,False,False,False,True,False,True,False,True,11.074664171080826,0.5268703285078984,0
1153,2025-01-07 08:00:00,Area D,Area X,35,Female,13.215585708670812,37.85007398366876,110.68568931107474,1.0,4.593981176421253,Afternoon,False,False,False,True,False,True,False,False,8.375384034974175,0.34915604716684284,0
1154,2025-01-07 09:00:00,Area A,Area Y,49,Female,14.37497656763168,33.876732547314745,282.5044901308541,1.5,2.7304339052146016,Morning,False,False,False,False,True,False,True,False,19.65250463377633,0.4243317239712328,0
1155,2025-01-07 10:00:00,Area D,Area Z,28,Male,18.30185606726577,19.312835237334,285.78462491038044,2.0,3.955131943732905,Afternoon,True,False,False,False,False,False,False,False,15.615053889041796,0.9476519820024308,0
1156,2025-01-07 11:00:00,Area A,Area X,38,Female,12.870464149821771,33.33863583730992,198.83225825776591,1.0,4.432057783958799,Morning,False,False,False,False,True,False,True,False,15.448712762499067,0.38605239734777064,0
1157,2025-01-07 12:00:00,Area D,Area X,43,Male,7.381451285846866,32.015248747774464,241.524136004236,2.0,3.842243933554208,Evening,False,False,True,True,False,True,False,False,32.720368860747364,0.23056041320796716,1
1158,2025-01-07 13:00:00,Area D,Area Z,42,Male,16.677039297030536,59.79846766936984,195.30965618791265,1.0,4.578695694940837,Evening,False,False,False,False,False,True,False,True,11.711283735468054,0.2788873554480618,1
1159,2025-01-07 14:00:00,Area B,Area Y,39,Male,7.89812503170672,54.358988142541214,160.78758084499097,1.5,3.1771811645854235,Afternoon,False,False,False,True,False,True,True,False,20.35766420800812,0.1452956327671107,0
1160,2025-01-07 15:00:00,Area A,Area Y,44,Male,1.6503341055900531,30.48594115185909,208.42143194079767,1.0,4.868666571946845,Morning,True,False,False,True,False,True,False,False,126.28968179110747,0.05413425014588769,0
1161,2025-01-07 16:00:00,Area B,Area X,30,Male,16.782435624739747,39.26155606143153,179.31039219982878,1.0,2.399435012534291,Night,True,False,False,False,False,True,False,False,10.684401797524634,0.4274520175400216,1
1162,2025-01-07 17:00:00,Area A,Area Z,50,Female,7.558650752744236,46.13293822507257,191.31848291062116,2.0,2.3064485889726143,Morning,False,False,False,True,False,True,False,False,25.311161483356873,0.1638449534130624,0
1163,2025-01-07 18:00:00,Area B,Area Y,51,Male,15.702855940825463,6.91758381286037,241.6347894230927,2.0,3.9760764386223295,Evening,False,False,False,False,False,False,True,False,15.387941942169478,2.2699881440903016,1
1164,2025-01-07 19:00:00,Area C,Area Z,58,Male,7.892399998652963,54.2206792675312,159.8440344912259,1.5,4.8284934242397854,Evening,False,False,False,True,False,False,True,False,20.252880237913043,0.14556067260065508,1
1165,2025-01-07 20:00:00,Area D,Area Z,52,Female,17.36029237951971,52.30697490298581,41.00360864496764,1.0,4.426650384908984,Morning,True,False,False,False,True,False,True,False,2.3619178830283745,0.33189243103417226,0
1166,2025-01-07 21:00:00,Area A,Area X,18,Male,5.170699976538216,30.1587653775539,74.27985986716425,1.0,2.2292505783141543,Morning,False,True,False,False,True,False,False,True,14.365504970150063,0.17144926847349984,0
1167,2025-01-07 22:00:00,Area A,Area Y,38,Female,19.51639803877853,26.514337134420888,148.42394845217535,1.0,,Night,False,False,True,False,False,True,False,True,7.60508532908624,0.7360693416223086,1
1168,2025-01-07 23:00:00,Area D,Area X,23,Female,15.815416720972586,20.01276561709732,225.7031711659957,1.5,,Night,True,False,False,False,True,True,True,False,14.271076914206452,0.7902660292389005,1
1169,2025-01-08 00:00:00,Area A,Area Y,45,Female,3.17052059248754,31.217225558170263,190.18523504374824,1.5,2.759175298402353,Morning,False,False,False,False,False,False,False,False,59.98530198522147,0.1015631440708318,0
1170,2025-01-08 01:00:00,Area A,Area Y,34,Male,11.74975577936465,7.440716494328022,205.57943018583256,1.5,4.343511271360757,Morning,False,False,True,False,False,True,False,True,17.496470486831182,1.5791140540270294,0
1171,2025-01-08 02:00:00,Area B,Area Y,22,Male,19.72197893259296,51.87064433408543,159.40531071559758,1.5,4.475396587786111,Morning,False,False,False,False,True,False,True,False,8.082618404280772,0.380214577698766,0
1172,2025-01-08 03:00:00,Area A,Area Y,48,Male,9.950243601182471,6.948230263019979,196.2503459244056,1.5,3.4863563103829454,Morning,False,False,False,True,False,False,False,False,19.7231501618294,1.4320523218144596,0
1173,2025-01-08 04:00:00,Area C,Area Y,22,Female,4.460035637610082,23.097825095342905,118.8347082099588,2.0,3.1590467295449463,Afternoon,False,True,False,False,False,False,False,True,26.64428076875834,0.19309323229644734,0
1174,2025-01-08 05:00:00,Area C,Area Z,55,Male,10.210788975856577,56.23742185754445,156.94930002809957,1.0,3.350373297259279,Morning,False,False,True,True,False,True,False,False,15.370912736525911,0.1815657052356448,0
1175,2025-01-08 06:00:00,Area D,Area X,20,Male,10.736695461756511,45.4366959987899,230.955347710638,1.0,2.680894083096093,Night,False,False,True,True,False,False,False,False,21.51082085033317,0.23630004036917768,1
1176,2025-01-08 07:00:00,Area A,Area Z,40,Male,15.092051940344646,20.476502831763973,265.39485032274274,1.0,4.6681727483865325,Evening,False,True,False,False,False,False,False,False,17.585062357402578,0.7370420961978087,1
1177,2025-01-08 08:00:00,Area D,Area Y,54,Female,14.278071210057185,18.89570016784868,147.086940168225,1.0,3.351858970189274,Afternoon,True,False,False,False,True,False,False,False,10.301590108944051,0.7556250113505406,0
1178,2025-01-08 09:00:00,Area C,Area X,54,Female,8.64845082834263,5.279517689991428,41.78864758098752,1.0,4.647378321368299,Morning,False,False,False,True,False,True,False,True,4.8319173099608985,1.6381107053833206,0
1179,2025-01-08 10:00:00,Area A,Area Y,27,Male,5.142439042387643,43.26428610673626,73.65158691963671,1.0,,Evening,False,False,False,False,True,True,False,True,14.322278414924307,0.11886103566092605,1
1180,2025-01-08 11:00:00,Area A,Area X,27,Male,13.25602918761726,7.68309699202452,35.63250760871529,1.0,4.9648258130003935,Afternoon,False,False,False,False,True,False,False,True,2.688020690373362,1.7253474670309465,0
1181,2025-01-08 12:00:00,Area D,Area Z,36,Male,9.012374756512354,34.293138567041915,206.38101519407917,1.0,3.329819262330855,Evening,False,False,False,False,False,True,True,False,22.899711981886718,0.2628039457763254,1
1182,2025-01-08 13:00:00,Area C,Area X,34,Male,3.513248011381277,57.91670849256274,119.7249488458794,2.0,2.1434924611823165,Morning,True,False,False,False,True,True,False,True,34.07804051340032,0.06066034303777801,0
1183,2025-01-08 14:00:00,Area A,Area X,38,Female,18.110873723491327,11.020787302994965,176.4692316442292,1.0,2.1140655447123646,Morning,False,False,False,False,True,True,False,False,9.743822241834279,1.6433360695754375,0
1184,2025-01-08 15:00:00,Area D,Area X,31,Female,14.133215294583431,54.19639620324371,163.1847486316259,2.0,4.238621772445516,Night,False,True,False,False,False,True,False,True,11.546178966959975,0.2607777209725309,1
1185,2025-01-08 16:00:00,Area C,Area X,26,Female,13.980493272464146,59.53114343297765,52.01215217915521,1.5,3.9771066026110415,Morning,False,True,False,False,False,True,False,False,3.7203347522973513,0.23484331255573432,0
1186,2025-01-08 17:00:00,Area D,Area X,18,Female,16.629093642321806,8.383436443157928,138.88056750343458,1.0,4.406391674382762,Morning,False,False,True,False,True,True,True,False,8.351656859602304,1.9835629362066822,0
1187,2025-01-08 18:00:00,Area B,Area Y,30,Male,11.06357189444654,53.55984480256037,89.55150372902727,1.5,2.316102601858418,Afternoon,False,False,False,False,True,True,False,False,8.094259579167433,0.20656463568153022,0
1189,2025-01-08 20:00:00,Area B,Area X,18,Male,10.46372431670911,54.8582545694519,84.96613569240552,1.5,3.5257378683427354,Afternoon,False,False,False,False,True,True,False,False,8.120058587183982,0.1907410742726245,0
1190,2025-01-08 21:00:00,Area C,Area Z,57,Female,2.276332598398492,36.42254180557657,256.9221496947721,2.0,3.1627856944483086,Evening,True,False,False,False,True,True,True,False,112.86620470729152,0.06249788896037668,1
1191,2025-01-08 22:00:00,Area B,Area X,49,Male,8.699713672526087,41.416160555861055,77.03220087612848,1.5,3.3858408100128674,Morning,False,True,False,True,False,False,False,True,8.854557199258847,0.21005596499541498,0
1193,2025-01-09 00:00:00,Area C,Area Y,45,Female,14.68384905101362,52.547108416904166,142.29498885967402,1.5,4.91224987301201,Afternoon,False,False,True,True,False,True,True,False,9.690571692722116,0.27944156584407287,0
1194,2025-01-09 01:00:00,Area D,Area X,48,Male,3.024995872444813,45.36504554245359,258.4862288451433,1.0,4.826946169019578,Morning,False,True,False,False,True,False,False,False,85.44982712256173,0.06668118965739955,0
1195,2025-01-09 02:00:00,Area B,Area Z,25,Male,3.660352234548531,33.66931716992282,199.7665009156052,1.0,4.3515280303030215,Morning,False,False,True,False,False,False,False,True,54.575609766186,0.10871474253332758,0
1196,2025-01-09 03:00:00,Area D,Area Z,56,Male,6.009992250057712,52.74884422283508,228.5445806397532,2.0,3.064524080770671,Afternoon,True,False,False,True,False,True,True,False,38.02737022894768,0.11393597716205889,0
1197,2025-01-09 04:00:00,Area B,Area Y,43,Female,6.063469474046762,18.4907042740434,237.28544977803068,2.0,3.2363927907883148,Afternoon,True,False,False,False,False,True,False,True,39.13354548220587,0.3279196998116208,0
1198,2025-01-09 05:00:00,Area D,Area X,51,Male,14.911506990722184,13.653736283638928,166.3081181111148,1.0,3.6488481311567735,Afternoon,False,False,False,True,False,True,True,False,11.152997928687622,1.0921183593831982,0
1199,2025-01-09 06:00:00,Area C,Area X,20,Female,5.763882550670358,13.822005793153965,176.69114130808785,2.0,4.49160336921452,Afternoon,False,False,False,False,False,False,False,False,30.654829137565752,0.41700737699382495,0
1200,2025-01-09 07:00:00,Area B,Area Z,29,Male,13.028863203791504,23.370488330988085,168.77888430835574,1.0,2.2061384975548037,Afternoon,False,False,True,False,False,False,False,True,12.954219575890859,0.5574918865343962,0
